Name,RMP_name,GPA,Difficulty,Students,RMP_Ratings,First,Last,Years,PNP,Letter,RMP_rating,Departments,,,,,,
FRIDLUND A J,Alan Fridlund,2.507125,3.1,23467,492,2009,2024,15,2,23465,4.1,PSY,,,,,,
LIU A Y,Alan Liu,3.11042,4.1,1286,32,2009,2024,15,0,1286,2.6,ENGL,,,,,,
SINGH A K,Ambuj Singh,3.344665,4,1359,26,2009,2024,15,1,1358,2.8,CMPSC,EACS,HIST,KOR,,,
JAMIESON A E,Amy Jamieson,3.657137,2.2,29874,83,2009,2024,15,17465,12409,3.3,ES,CHEM,PHYS,,,,
WYSS A R,Andre Wyss,2.956607,3.2,2800,33,2009,2024,15,830,1970,3.5,EARTH,PSY,,,,,
BRUSUTTI A,Anna Brusutti,2.992746,3.1,8092,163,2009,2024,15,0,8092,4.3,FAMST,,,,,,
KURIS A M,Armand Kuris,3.194509,4.1,3642,34,2009,2024,15,325,3317,4.8,BIOL,,,,,,
HOLDREGE B A,Barbara Holdrege,2.954111,3.5,2092,46,2009,2024,15,0,2092,3.6,C,,,,,,
ZULUETA B C,Benjamin Zulueta,3.194766,3.2,3821,34,2009,2024,15,25,3796,3.1,AS,,,,,,
SARKAR B,Bhaskar Sarkar,3.074148,3.5,1702,52,2009,2024,15,12,1690,3.3,C,,,,,,
HUISGEN-ZIMME,Birge Huisgen-Zimmerman,2.719876,3,971,49,2009,2024,15,90,881,4.1,MATH,,,,,,
GHOSH B,Bishnupriya Ghosh,3.414615,2.4,2737,41,2009,2024,15,41,2696,4.1,ENGL,CMPTGCS,ECE,PHYS,,,
DONNELLY B,Brian Donnelly,3.355361,2.6,5708,39,2009,2024,15,13,5695,4.6,ENGL,,,,,,
BIMBER B,Bruce Bimber,3.031561,4.4,1768,74,2009,2024,15,0,1768,4.6,POL,,,,,,
MEINHART C,Carl Meinhart,3.253414,3.5,1904,21,2009,2024,15,76,1828,4.6,ME,,,,,,
LANSING C L,Carol Lansing,3.159747,3.4,3001,71,2009,2024,15,0,3001,4.4,HIST,MCDB,,,,,
WALSH C,Casey Walsh,3.176616,2.8,9408,167,2009,2024,15,0,9408,3.5,ANTH,INT,MCDB,,,,
MENDEZ S C,Cecilia Mendez,2.750629,4.4,2307,58,2009,2024,15,14,2293,2,HIST,,,,,,
AKEMANN C A,Charles Akemann,2.613122,3.8,6371,220,2009,2024,15,13,6358,2.2,MATH,,,,,,
HAYES C S,Chris Hayes,3.113879,3.9,3725,22,2009,2024,15,1,3724,3.3,BMSE,PSY,,,,,
TYLER C M,Claudia Tyler,3.741208,2.1,6273,27,2009,2024,15,1449,4824,4.9,ART,,,,,,
FOGU C,Claudio Fogu,3.242777,3.4,3551,54,2009,2024,15,140,3411,3.6,HIST,,,,,,
HARMON C J,Coby Harmon,2.830422,3.3,9516,164,2009,2024,15,558,8958,3.8,ECON,RG,,,,,
COTICH C,Craig Cotich,3.149761,3.3,2514,44,2009,2024,15,292,2222,4.5,INT,,,,,,
STOHL C,Cynthia Stohl,3.287052,3.4,2371,31,2009,2024,15,9,2362,4.1,COMM,,,,,,
GUAN D,Daoxiong Guan,3.563203,2,2329,28,2009,2024,15,0,2329,5,CHIN,SOC,,,,,
COOPER D,Daryl Cooper,3.152738,2.6,15156,985,2009,2024,15,492,14664,4,INT,,,,,,
LEA D W,David Lea,3.088994,2.3,2853,45,2009,2024,15,96,2757,4.4,EARTH,EEMB,GEOL,,,,
LOW D A,David Low,2.995409,2.9,2788,35,2009,2024,15,1,2787,4,BMSE,,,,,,
SHERMAN D A,David Sherman,2.916214,3.3,4570,72,2009,2024,15,32,4538,3.6,INT,EEMB,MCDB,,,,
LENIHAN H S,Dawn Holmes,3.983193,3.6,714,148,2009,2024,15,0,714,3.8,EEMB,INT,POL,,,,
FYGENSON D K,Deborah Fygenson,3.435002,4.4,4154,67,2009,2024,15,124,4030,2.1,BMSE,PSY,,,,,
CLEGG D O,Dennis Clegg,2.635738,4,7278,35,2009,2024,15,52,7226,4.3,BIOE,,,,,,
KATZ D H,Derek Katz,3.462986,2.4,4247,47,2009,2024,15,0,4247,5,INT,,,,,,
MALEUVRE D,Didier Maleuvre,3.324457,3,3316,59,2009,2024,15,0,3316,3.6,C,,,,,,
STEIGERWALD D,Doug Steigerwald,3.142129,4.3,3392,40,2009,2024,15,0,3392,2.9,ECON,,,,,,
EARDLEY D M,Douglas Eardley,3.503512,1.3,2050,22,2009,2024,15,0,2050,4.3,PHYS,,,,,,
KULPER D E,Douglas Kulper,3.171779,3.3,7753,52,2009,2024,15,1248,6505,3.9,ECON,PHIL,,,,,
MA D,Dzwokai Ma,3.059237,4.9,3459,41,2009,2024,15,52,3407,4.1,BMSE,,,,,,
BARVOSA E,Edwina Barvosa,3.174507,3.6,2687,31,2009,2024,15,101,2586,2.5,CH,,,,,,
DIGESER E D,Elizabeth Digeser,2.996478,3.8,3180,107,2009,2024,15,44,3136,2.8,ANTH,,,,,,
RAPPAPORT E D,Erika Rappaport,3.312792,2.6,2822,52,2009,2024,15,0,2822,4.4,FEMST,,,,,,
LIPMAN E A,Everett Lipman,3.106068,3.9,5570,61,2009,2024,15,98,5472,3.6,PHYS,,,,,,
DUNN F M,Francis Dunn,3.002074,3,8777,138,2009,2024,15,60,8717,4,C,INT,MARSC,,,,
GENOVA G L,Gina Genova,3.429234,3.3,2350,46,2009,2024,15,267,2083,4.6,INT,,,,,,
HILLIS G A,Greg Hillis,3.317217,2.5,8631,125,2009,2024,15,0,8631,4.5,EACS,EARTHW,,,,,
WEI G,Gufong Wei,2.732906,3.6,2650,107,2009,2024,15,41,2609,2.2,MATH,INT,,,,,
PONCE G,Gustavo Ponce,2.854448,3.4,3541,96,2009,2024,15,57,3484,2.6,INT,GEOL,INT,,,,
MARCUSE H,Harold Marcuse,3.246873,2.8,3902,61,2009,2024,15,13,3889,3.1,HIST,HIST,,,,,
CENICEROS H,Hector Ceniceros,2.93762,3.1,3336,70,2009,2024,15,0,3336,3.4,ECE,,,,,,
BERNSTEIN H J,Hilary Bernstein,2.980011,3.3,1836,44,2009,2024,15,0,1836,4.1,FR,INT,,,,,
DONELAN J H,James Donelan,3.548634,2.7,3405,93,2009,2024,15,424,2981,3.9,C,,,,,,
POTTER W J,James Potter,3.022151,4.1,2018,54,2009,2024,15,0,2018,2.4,COMM,,,,,,
RONEY J R,James Roney,2.832138,3.6,3709,49,2009,2024,15,47,3662,3.4,PSY,,,,,,
BOBO J,Jaqueline Bobo,3.227083,2.8,3445,97,2009,2024,15,0,3445,3.1,FEMST,,,,,,
BIRCHENALL J,Javier Birchenall,2.836573,3.7,9302,110,2009,2024,15,0,9302,2.4,ECON,INT,,,,,
MOEHLIS J M,Jeff Moehlis,3.273347,2.4,2994,25,2009,2024,15,31,2963,4.3,CMPSC,,,,,,
HANSON J L,Jeffrey Hanson,3.491052,3,5845,45,2009,2024,15,293,5552,5,LING,INT,,,,,
WHITE J S,Jeremy White,3.346728,3,4370,54,2009,2024,15,1,4369,3.9,ART,FLMST,INT,MUS,,,
ROTHMAN J H,Joel Rothman,2.940885,3.6,2688,24,2009,2024,15,8,2680,4.8,BMSE,INT,LAIS,,,,
LATTO J G,John Latto,3.282498,2.3,15958,101,2009,2024,15,1048,14910,5,BIOL,,,,,,
LEW G J,John Lew,3.060642,3.5,3956,33,2009,2024,15,106,3850,3.7,BMSE,,,,,,
SCHOOLER J W,Jonathan Schooler,2.836177,3.3,6540,57,2009,2024,15,53,6487,3.6,PSY,ENV,,,,,
AKUDINOBI J,Jude Akudinobi,3.431292,2.5,5634,83,2009,2024,15,0,5634,3.6,BL,PHYS,,,,,
KAHN K,Kalju Kahn,2.454974,4.6,1950,102,2009,2024,15,1,1949,3.3,CHEM,INT,SPAN,,,,
MYERS K K,Karen Myers,3.152606,2.5,3530,30,2009,2024,15,44,3486,4.6,COMM,,,,,,
BRUHN K,Kathleen Bruhn,2.969695,4,3478,87,2009,2024,15,0,3478,4.1,INT,,,,,,
GOODEARL K,Ken Goodearl,2.884879,3,3128,74,2009,2024,15,0,3128,4.5,MATH,,,,,,
FALVEY K T,Kevin Falvey,2.67799,3.4,1881,62,2009,2024,15,0,1881,3,PHIL,,,,,,
MARQUES-PASCU,Laura Marques-Pascual,2.944164,4,13751,24,2009,2024,15,0,13751,3.3,PORT,PSTATW,,,,,
COSMIDES L,Leda Cosmides,3.093671,2.9,3160,38,2009,2024,15,80,3080,3.5,PSY,,,,,,
LAVERMAN L E,Leroy Laverman,3.067196,3.3,4975,54,2009,2024,15,656,4319,4.1,CHEM,,,,,,
COKLIN L,Ljiljana Coklin,3.445683,3.4,2791,38,2009,2024,15,77,2714,4.3,INT,INT,,,,,
ROBERTS L S,Luke Roberts,3.26373,2.5,4086,63,2009,2024,15,34,4052,4.3,HIST,,,,,,
CAMPO M,Magda Campo,3.227021,3,1917,30,2009,2024,15,0,1917,4.6,RG,MATH,,,,,
BUENO CACHADI,Maribel Bueno,3.284667,3.5,2511,54,2009,2024,15,996,1515,3.6,INT,RG,,,,,
MASLAN M J,Mark Maslan,3.158289,3.2,2618,51,2009,2024,15,0,2618,3.4,ENGL,,,,,,
RODWELL M J,Mark Rodwell,2.88995,3.6,1602,25,2009,2024,15,0,1602,2.8,ECE,INT,,,,,
BUCHOLTZ M H,Mary Bucholtz,3.58074,1.8,2648,23,2009,2024,15,31,2617,4.6,CH,,,,,,
CREMERS M H,Matthea Cremers,3.405237,2.4,1394,63,2009,2024,15,0,1394,3.1,ANTH,,,,,,
HANSER M F,Matthew Hanser,2.831842,3.1,2324,36,2009,2024,15,95,2229,4,INT,GREEK,LATIN,,,,
ECKSTEIN M P,Miguel Eckstein,3.377169,3,2720,32,2009,2024,15,299,2421,4.6,PSY,,,,,,
PUTINAR M,Mihai Putinar,3.101521,4.5,2433,82,2009,2024,15,107,2326,2.4,MATH,,,,,,
MCHUGH P,Patrick McHugh,3.693346,2.3,3186,29,2009,2024,15,195,2991,4.8,INT,,,,,,
HUK P M,Peter Huk,3.684384,1.9,3330,40,2009,2024,15,32,3298,4.9,INT,,,,,,
LUBIN P,Philip Lubin,3.268685,3,4691,53,2009,2024,15,80,4611,2.6,ASTRO,BMSE,MCDB,,,,
GALLUCCI R,Ralph Gallucci,3.630861,1.9,18512,243,2009,2024,15,71,18441,4.1,CLASS,,,,,,
RIGHTMIRE S R,Randy Rightmire,3.590784,3.5,1454,29,2009,2024,15,383,1071,2.9,LING,,,,,,
CLEMENCON R,Raymond Clemencon,3.130164,3.8,3345,35,2009,2024,15,0,3345,4.4,ESM,,,,,,
WEBER R,Rene Weber,3.025384,2.8,4298,46,2009,2024,15,5,4293,3.5,COMM,INT,,,,,
MAYER R E,Richard Mayer,3.344391,2.5,3744,39,2009,2024,15,68,3676,3.8,PSY,SPAN,,,,,
RALEY R M,Rita Raley,3.203624,3.4,2125,44,2009,2024,15,0,2125,4.3,ENGL,INT,MCDB,,,,
KRUT R M,Robert Krut,3.741498,2.5,2858,74,2009,2024,15,231,2627,5,LIT,,,,,,
STRONGMAN R D,Roberto Strongman,3.248875,3.5,3865,52,2009,2024,15,24,3841,3.4,BL,,,,,,
CHRISTOFFERSE,Rolf Christoffersen,2.887161,3.6,19745,92,2009,2024,15,459,19286,3.1,BMSE,ESS,,,,,
RICE R E,Ronald Rice,3.414994,3.4,1614,21,2009,2024,15,3,1611,5,COMM,PHYS,,,,,
BUSTO R V,Rudy Busto,3.294963,2.2,3693,43,2009,2024,15,14,3679,4.4,AS,,,,,,
SWEET S S,Sam Sweet,2.988454,3.5,2044,31,2009,2024,15,49,1995,4.3,EARTH,INT,,,,,
LINDHEIM S H,Sara Lindheim,3.344444,2.9,837,30,2009,2024,15,0,837,4.1,CLASS,FLMST,,,,,
POOT-HERRERA,Sara Poot-Herrera,3.687071,3,1369,33,2009,2024,15,0,1369,3.1,SPAN,MCDB,PSY,,,,
MARCUS S L,Scott Marcus,3.482986,1.9,2445,46,2009,2024,15,393,2052,3.4,INT,,,,,,
LOW S H,Seng Low,2.502435,4.2,21194,215,2009,2024,15,18,21176,2.5,MCDB,,,,,,
GABLE S,Shelly Gable,3.21985,2.6,6277,72,2009,2024,15,43,6234,4.6,PSY,,,,,,
KLEIN S B,Stanley Klein,2.936884,2.6,9755,203,2009,2024,15,227,9528,4.3,INT,,,,,,
BATISTE S L,Stephanie Batiste,2.961086,3.8,1087,48,2009,2024,15,0,1087,2.7,BL,INT,,,,,
BIGELOW S J,Stephen Bigelow,3.226064,2.6,4205,122,2009,2024,15,24,4181,3.3,MATH,INT,,,,,
BURATTO S K,Steve Buratto,3.058144,3.2,3309,69,2009,2024,15,0,3309,4.1,CHEM,,,,,,
GAULIN S J,Steven Gaulin,2.550222,3.4,11704,314,2009,2024,15,27,11677,3.6,ANTH,,,,,,
FEINSTEIN S C,Stuart Feinstein,2.617808,3.3,15100,60,2009,2024,15,301,14799,5,BIOL,,,,,,
SURI S,Subhash Suri,3.307658,3,1802,26,2009,2024,15,10,1792,4.9,CMPSC,INT,,,,,
AFIFI T D,Tammy Afifi,3.436863,3.1,3456,35,2009,2024,15,151,3305,4.6,COMM,,,,,,
BENNETT T D,Ted Bennett,2.814681,5,1771,24,2009,2024,15,0,1771,3.4,ME,INT,,,,,
BERGSTROM T C,Ted Bergstrom,2.862053,3.6,1062,59,2009,2024,15,0,1062,2,ECON,ENV,,,,,
EVEN T J,Thomas Even,2.791792,3,28885,178,2009,2024,15,72,28813,4.9,EEMB,MCDB,,,,,
SHERWOOD T P,Timothy Sherwood,3.699636,2.5,1100,21,2009,2024,15,0,1100,4.8,CMPSC,,,,,,
CARLSON T A,Tom Carlson,3.006063,4.6,1270,41,2009,2024,15,0,1270,4.3,RG,ENV,INT,,,,
AFIFI W A,Walid Afifi,3.242029,3.4,4121,47,2009,2024,15,557,3564,3.9,COMM,MATH,,,,,
MEIRING W,Wendy Meiring,3.154564,3.8,1928,38,2009,2024,15,177,1751,3,INT,,,,,,
ROBINSON W I,William Robinson,3.232896,3.2,6399,123,2009,2024,15,0,6399,3.5,SOC,,,,,,
SMITH W,William Smith,2.887331,3.9,2668,22,2009,2024,15,14,2654,3.1,BMSE,ESM,,,,,
KITTLER W D,Wolf Kittler,3.27145,3,3380,79,2009,2024,15,8,3372,3.4,C,ED,ENV,,,,
HUANG YU,Yunte Huang,3.350203,2,3199,69,2009,2024,15,38,3161,3.1,C,,,,,,
ZIMMERMAN A Z,Aaron Zimmerman,2.961008,3.3,4783,113,2010,2024,14,0,4783,4.3,INT,CHEM,INT,,,,
MEHTA A S,Aashish Mehta,2.992794,4,2928,34,2010,2024,14,0,2928,4.4,GLOBL,,,,,,
AGBOOLA A,Adebisi Agboola,3.015297,5,2373,80,2010,2024,14,31,2342,3.5,MATH,HIST,,,,,
STANSELL A,Amanda Stansell,3.463648,2.8,2352,56,2010,2024,14,1,2351,4.5,W&L,HIST,INT,,,,
CARTER A V,Andrew Carter,3.075964,3,3137,68,2010,2024,14,137,3000,3.3,PSTAT,PSTATW,,,,,
FLANAGIN A J,Andrew Flanagin,2.682154,4.4,3110,134,2010,2024,14,2,3108,4,COMM,,,,,,
PAUL C,Carole Paul,3.035186,3.8,3922,66,2010,2024,14,11,3911,3.1,ARTHI,CMPSC,CMPSCW,CMPTGCS,W&L,,
NESCI C,Catherine Nesci,3.510337,3,1248,27,2010,2024,14,0,1248,4.5,C,,,,,,
QIN C Z,Cheng-Zhong Qin,3.020478,3.9,3765,47,2010,2024,14,0,3765,2.5,ECON,ENV,INT,,,,
OGRAIN C M,Christopher Ograin,2.950828,2.7,3624,54,2010,2024,14,104,3520,4.3,ED,,,,,,
BENELLI C A,Cindy Benelli,3.123042,2.9,11097,175,2010,2024,14,0,11097,2.8,ECON,,,,,,
CAMPAGNARI C,Claudio Campagnari,3.234245,3.1,2853,38,2010,2024,14,0,2853,3.4,INT,,,,,,
LINZ D G,Dan Linz,3.598208,3,3906,40,2010,2024,14,17,3889,4.4,COMM,ENV,INT,,,,
FELDWINN D L,Darby Feldwinn,2.350535,4.2,8509,210,2010,2024,14,206,8303,3.1,CHEM,,,,,,
PAUL D C,David Paul,3.329995,3.1,2097,25,2010,2024,14,0,2097,4,MUS,,,,,,
STUART D D,David Stuart,2.939914,3.5,2786,45,2010,2024,14,167,2619,3.6,INT,ENV,GEOG,INT,,,
BLUMENTHAL,Debra Blumenthal,3.004889,3,1575,38,2010,2024,14,0,1575,2.8,HIST,,,,,,
LABUTIN D A,Denis Labutin,3.336792,2.5,4925,146,2010,2024,14,70,4855,2.8,INT,GREEK,,,,,
FUJINO D C,Diane Fujino,3.118141,3.5,2679,84,2010,2024,14,91,2588,4.3,AS,ESS,,,,,
BOUWMEESTER D,Dirk Bouwmeester,3.012866,4.3,3381,58,2010,2024,14,16,3365,2.8,PHYS,,,,,,
CASILLAS D I,Dolores Casillas,3.36841,2.9,5774,36,2010,2024,14,34,5740,5,C,EEMB,INT,,,,
SEARS D W,Duane Sears,2.843491,4.5,2727,74,2010,2024,14,46,2681,2.9,INT,ARTHIW,INT,WRIT,,,
REYNOLDS D F,Dwight Reynolds,3.605847,2,1163,24,2010,2024,14,0,1163,4.9,C,INT,ME,PHYS,,,
BORIS E C,Elieen Boris,3.496375,2.8,993,30,2010,2024,14,14,979,3.5,FEMST,ENGL,INT,LIT,,,
HERNANDEZ E D,Ellie Hernandez,3.475657,2.1,2206,33,2010,2024,14,0,2206,2.7,CH,EACS,INT,JAPAN,,,
DUFFY A E,Enda Duffy,3.331849,2.8,4019,60,2010,2024,14,218,3801,4.2,C,,,,,,
PRIETO E,Eric Prieto,3.305645,3.3,2604,40,2010,2024,14,9,2595,4.6,C,,,,,,
NIELSEN E S,Erik Nielsen,3.512239,2.9,2247,31,2010,2024,14,0,2247,4,ENV,CMPSCW,CMPTGCS,COMM,,,
NINH E K,Erin Ninh,3.109258,3.8,3154,50,2010,2024,14,13,3141,4,AS,,,,,,
CHARNESS G B,Gary Charness,3.546729,3,1605,40,2010,2024,14,0,1605,3.3,ECON,WRIT,,,,,
BELTZ G,Glenn Beltz,3.433411,2.5,1287,44,2010,2024,14,0,1287,5,ME,,,,,,
NELSON H,Harry Nelson,3.326833,3,1364,24,2010,2024,14,10,1354,4.4,PHYS,LAIS,,,,,
LEE H,Hua Lee,3.12662,3.4,1713,29,2010,2024,14,291,1422,3.1,ECE,INT,,,,,
BANKS I,Ingrid Banks,2.145043,4.6,2078,90,2010,2024,14,0,2078,2.7,BL,PHYS,,,,,
READ DE ALANI,Javier Read de Alaniz,3.056639,4,3005,22,2010,2024,14,1,3004,4.8,CHEM,,,,,,
CARLSON J M,Jean Carlson,2.83225,4.1,2000,22,2010,2024,14,21,1979,3,PHYS,,,,,,
HOLT J,Jennifer Holt,2.951951,3.6,2537,48,2010,2024,14,9,2528,4.3,FAMST,DANCEW,THTR,,,,
VANDERPOOL J,Jennifer Vanderpool,3.654313,2.9,1136,29,2010,2024,14,8,1128,2.8,ART,,,,,,
SU J,Jianwen Su,3.174602,3.9,1319,30,2010,2024,14,31,1288,2.1,CMPSC,,,,,,
SHEA J,Joan Shea,3.174413,3.2,766,35,2010,2024,14,14,752,3.6,CHEM,,,,,,
ENDERS J,Jody Enders,3.157579,3.4,1082,44,2010,2024,14,7,1075,3.1,C,ASTROW,PHYS,,,,
COTTLE J,John Cottle,3.183737,3,1322,22,2010,2024,14,126,1196,4.4,EARTH,INT,,,,,
HARTMAN J L,John Hartman,2.784882,3.8,14559,150,2010,2024,14,143,14416,2.4,ECON,PSY,,,,,
MAJEWSKI J D,John Majewski,3.096979,2.8,2615,72,2010,2024,14,19,2596,5,HIST,SPAN,,,,,
MCCAMMOND J P,Jon McCammond,3.300477,2.4,1259,30,2010,2024,14,84,1175,4.5,MATH,PSY,,,,,
CAMPO J E,Juan Campo,3.138004,3.4,1513,41,2010,2024,14,328,1185,3.5,INT,,,,,,
CASTEELS K L,Karel Casteels,3.18166,2.8,3495,42,2010,2024,14,520,2975,4.3,MATH,,,,,,
SZUMLINSKI K,Karen Szumlinski,3.166942,3.8,3996,78,2010,2024,14,18,3978,4.6,MCDB,SOC,,,,,
BAILLARGEON K,Katie Baillargeon,3.624482,2.4,3378,51,2010,2024,14,64,3314,4.9,INT,,,,,,
BEDARD K L,Kelly Bedard,2.925888,3.7,7969,100,2010,2024,14,17,7952,3,ECON,POL,,,,,
HILTNER K C,Kenneth (Ken) Hiltner,3.202946,2.8,14904,296,2010,2024,14,114,14790,3.8,ENGL,,,,,,
FULBECK L K,Kip Fulbeck,3.492425,3,2891,50,2010,2024,14,652,2239,4.1,ART,LAIS,PORT,SPAN,,,
CABRANES-GRAN,Leo Cabranes-Grant,3.66634,2.6,1123,27,2010,2024,14,33,1090,4,C,ME,,,,,
HAMMER L M,Leslie Hammer,3.33021,3.3,2049,38,2010,2024,14,0,2049,4.6,WRIT,,,,,,
HAJJAR L,Lisa Hajjar,3.589265,2.5,4760,68,2010,2024,14,23,4737,4.8,INT,FLMST,RG,WRIT,,,
JACOBSON L,Lisa Jacobson,3.17136,3.3,2500,43,2010,2024,14,0,2500,4.4,HIST,WRIT,,,,,
THEOGARAJAN L,Luke Theogarajan,3.025284,2.9,2203,49,2010,2024,14,202,2001,4.4,BIOL,ENGL,FR,INT,THTR,WRIT,
MEADOW M A,Mark Meadow,3.287903,3,2546,34,2010,2024,14,0,2546,4.1,ARTHI,PSTAT,,,,,
HEGARTY M,Mary Hegarty,3.16862,3.1,2116,38,2010,2024,14,54,2062,3.1,INT,PSY,,,,,
BOSCAGLI M,Maurizia Boscagli,3.47075,3.2,3747,58,2010,2024,14,287,3460,3.4,C,MATH,,,,,
CHIKOWERO M,Mhoze Chikowero,3.266305,3,1567,27,2010,2024,14,0,1567,3.4,BL,INT,,,,,
GURVEN M D,Michael Gurven,2.885185,4,999,23,2010,2024,14,0,999,3.5,ANTH,,,,,,
STOHL M S,Michael Stohl,3.308954,3.6,1530,28,2010,2024,14,0,1530,2.9,COMM,WRIT,,,,,
BOWERS M T,Mike Bowers,2.99134,4.4,2425,32,2010,2024,14,0,2425,1.6,CHEM,ENV,,,,,
METZGER M J,Miriam Metzger,2.588123,4.1,2989,65,2010,2024,14,0,2989,4,COMM,MATH,,,,,
GONZALES-SMIT,Myriam Gonzales Smith,3.276361,3,3397,47,2010,2024,14,0,3397,3.8,LAIS,POL,,,,,
COLLINS N L,Nancy Collins,3.415954,2.3,1730,35,2010,2024,14,82,1648,4.8,PSY,CMPSCW,INT,,,,
SALMON N U,Nathan Salmon,2.360048,3.4,1254,32,2010,2024,14,0,1254,3.1,PHIL,PHYS,,,,,
BENNAHUM D,Ninotchka Bennahum,3.171833,3.2,3813,45,2010,2024,14,0,3813,2.1,DANCE,MATH,ME,,,,
REICH N O,Norbert Reich,3.223347,4.1,2133,25,2010,2024,14,391,1742,2.6,BMSE,,,,,,
KHOURY N N,Nuha Khoury,2.7867,4,1594,54,2010,2024,14,25,1569,2,ARTHI,INT,RG,,,,
DESCHENES O,Olivier Deschenes,2.861056,4,2840,38,2010,2024,14,0,2840,4.8,ECON,,,,,,
MCCRAY W P,Patrick McCray,3.30432,4,1412,43,2010,2024,14,0,1412,5,HIST,,,,,,
ATZBERGER P J,Paul Atzberger,3.509707,3.1,3688,54,2010,2024,14,49,3639,2.9,INT,,,,,,
SPICKARD P R,Paul Spickard,3.212191,3,5701,97,2010,2024,14,274,5427,3.9,AS,MES,RG,,,,
BLOOM P J,Peter Bloom,3.097878,4,1178,25,2010,2024,14,0,1178,3,FAMST,PHYS,,,,,
RUPERT P,Peter Rupert,2.609219,3.7,8049,95,2010,2024,14,0,8049,2.8,ECON,,,,,,
STURMAN P C,Peter Sturman,3.306923,3.3,1921,35,2010,2024,14,0,1921,3.8,ARTHI,GLOBL,POL,SOC,,,
CONRAD P T,Phill Conrad,3.678315,2.3,4782,70,2010,2024,14,583,4199,5,CMPSC,POL,,,,,
BERGSTROM R E,Randy Bergstrom,3.165875,3.3,3244,97,2010,2024,14,9,3235,4.4,HIST,INT,,,,,
GELLER R M,Robert Geller,3.171199,3.3,32270,247,2010,2024,14,35,32235,3.5,ASTRO,EEMB,,,,,
MORSTEIN-MARX,Robert Morstein-Marx,2.964664,2.3,1548,25,2010,2024,14,17,1531,4.8,CLASS,,,,,,
SAMUELS R D,Robert Samuels,3.424231,2.9,2047,21,2010,2024,14,137,1910,3.8,INT,POL,,,,,
NABI R L,Robin Nabi,2.775974,4.3,3646,52,2010,2024,14,0,3646,4.1,COMM,WRIT,,,,,
FINKELSTEIN R,Ruth Finkelstein,2.936146,4.6,13382,104,2010,2024,14,20,13362,2.1,MCDB,INT,,,,,
PANDYA S P,Sameer Pandya,3.25503,3.1,8121,46,2010,2024,14,0,8121,5,AS,POL,,,,,
OH S P,Sang-Yun Oh,3.142727,4,660,26,2010,2024,14,0,660,2.4,PHYS,INT,,,,,
GURUSWAMY S,Sathya Guruswamy,3.228312,3.8,6446,45,2010,2024,14,790,5656,3.3,ECE,INT,,,,,
HODGES S A,Scott Hodges,2.841395,3.3,10639,33,2010,2024,14,24,10615,4,BIOL,MCDB,,,,,
REID S A,Scott Reid,3.177361,4,2509,52,2010,2024,14,3,2506,4,COMM,WRIT,,,,,
BERMUDEZ S,Silvia Bermudez,3.698679,3.1,2422,35,2010,2024,14,494,1928,4.1,C,,,,,,
FALASCA S,Simonetta Falasca,3.460701,3.4,1939,27,2010,2024,14,19,1920,4.1,INT,INT,,,,,
JAMMALAMADAKA,Sreenivasa Jammalamadaka,3.489236,2.5,2499,30,2010,2024,14,1,2498,4.5,PSTAT,INT,,,,,
SWEENEY S H,Stuart Sweeney,3.032267,2.4,3564,49,2010,2024,14,29,3535,3.1,GEOG,,,,,,
PORTER S M,Susannah Porter,2.863897,2.4,3526,49,2010,2024,14,148,3378,4.4,EARTH,,,,,,
GERMAN T C M,Tamsin German,3.362438,2.1,13487,179,2010,2024,14,385,13102,4.5,INT,,,,,,
SHEWRY T J,Teresa Shewry,3.62931,2.2,1740,26,2010,2024,14,0,1740,4.8,ENGL,,,,,,
HOLDEN T A,Thomas Holden,2.976421,3.4,2727,46,2010,2024,14,0,2727,5,PHIL,,,,,,
NGUYEN T T,Thuc-Quyen Nguyen,3.38102,3.1,843,31,2010,2024,14,0,843,4,CHEM,,,,,,
KIPPIN T E,Tod Kippin,3.539793,3.4,2807,54,2010,2024,14,5,2802,3.4,INT,FLMST,INT,,,,
PADULA V,Valentina Padula,3.255299,2.3,3425,61,2010,2024,14,0,3425,5,ITAL,INT,,,,,
WELTER V W,Volker Welter,3.308585,3.3,2586,55,2010,2024,14,0,2586,4.1,ARTHI,,,,,,
DAI X Z,Xianzhe Dai,2.406853,3.3,3079,108,2010,2024,14,57,3022,2.9,INT,,,,,,
ZHENG X,Xiaowei Zheng,3.330048,3.8,1887,45,2010,2024,14,65,1822,5,CHIN,GEOL,,,,,
WANG Y F,Yuan-Fang Wang,2.946437,4,1277,48,2010,2024,14,0,1277,1.9,CMPSC,,,,,,
ADAMS A J,Ann Adams,3.373382,3.3,1221,38,2009,2023,14,146,1075,4,ARTHI,MATH,,,,,
ERICKSON B L,Brice Erickson,3.079059,2.8,8481,174,2009,2023,14,55,8426,4.9,CLASS,,,,,,
LIPSHUTZ B H,Bruce Lipshutz,3.474192,4,1732,39,2009,2023,14,0,1732,4,CHEM,,,,,,
STUART C,Charles Stuart,2.937631,4,2203,32,2009,2023,14,0,2203,2.8,ECON,INT,,,,,
MULLIN D I,Dolly Mullin,2.687921,3.5,20350,351,2009,2023,14,89,20261,4.1,COMM,MCDB,,,,,
AUE D H,Donald Aue,2.622684,3.6,7027,128,2009,2023,14,59,6968,3,CHEM,PHYS,,,,,
TWINE F W,France Winddance Twine,3.165456,3.4,1569,57,2009,2023,14,11,1558,2.6,INT,HIST,,,,,
ROIG F S,Francesc Roig,3.096937,3.1,751,27,2009,2023,14,319,432,3.6,PHYS,,,,,,
TOOBY J,John Tooby,3.239008,2.6,2279,52,2009,2023,14,0,2279,3.1,ANTH,MATH,ME,,,,
MCCLAIN K L,Katia McClain,3.669917,1.8,2646,32,2009,2023,14,0,2646,4.4,C,PSY,,,,,
PLAXCO K W,Kevin Plaxco,3.023849,3.5,1216,21,2009,2023,14,0,1216,4.3,BIOE,,,,,,
DERWIN S,Susan Derwin,3.504063,3.1,1403,39,2009,2023,14,123,1280,3,C,,,,,,
OAKLEY T H,Todd Oakley,3.258331,3,3403,22,2009,2023,14,16,3387,3.4,BIOL,,,,,,
SIMMS A R,Alex Simms,3.16889,2.8,2774,63,2011,2024,13,190,2584,4.6,EARTH,,,,,,
CAST A D,Alicia Cast,3.227568,3.3,3573,33,2011,2024,13,1,3572,5,SOC,,,,,,
FIORINA C P,Camilla Fiorina,3.401082,2.1,1663,28,2011,2024,13,0,1663,5,ITAL,PSY,,,,,
VENEGAS C,Christina Venegas,3.238839,3.5,1671,23,2011,2024,13,215,1456,2.5,FAMST,,,,,,
MARTIN C L,Crystal Martin,2.967894,4.3,1277,24,2011,2024,13,1,1276,2.9,ASTRO,,,,,,
ROBERTS D A,Dar Roberts,2.764626,3.6,1470,25,2011,2024,13,17,1453,4.5,GEOG,,,,,,
BLAKE F D,Felice Blake,3.384409,2.9,2867,47,2011,2024,13,7,2860,4.4,ENGL,,,,,,
BROWN F L,Frank Brown,2.919329,3.9,983,23,2011,2024,13,0,983,2.9,CH,,,,,,
SIEGEL G D,Greg Siegel,2.755082,4.4,1899,28,2011,2024,13,22,1877,3.4,FAMST,,,,,,
BHAVNANI K,Kum Kum Bhavnani,3.57435,2.5,1115,31,2011,2024,13,0,1115,4.8,GLOBL,INT,,,,,
ZHANG LIMING,Liming Zhang,2.747285,4.3,1013,26,2011,2024,13,0,1013,2.1,CHEM,CH,ENGR,,,,
CRICKETTE M E,Maria Crickette,3.273594,2.6,1920,25,2011,2024,13,0,1920,5,ITAL,INT,,,,,
LABATUT M A,Marion Labatut,3.360497,2.6,1529,22,2011,2024,13,0,1529,5,FR,CMPSCCS,CMPTGCS,MATH,,,
CLITANDRE N T,Nadege Clitandre,3.171947,4,2260,22,2011,2024,13,0,2260,2.5,GLOBL,ENGL,LIT,W&L,,,
JURKOWSKI N W,Nicolas Jurkowski,3.430923,2.9,3913,23,2011,2024,13,0,3913,4.8,MUS,ARTHI,ARTST,,,,
BLAES O M,Omer Blaes,3.171384,3.5,1279,34,2011,2024,13,8,1271,4.6,PHYS,PSTAT,,,,,
LIEN P,Pei-Te Lien,2.840556,3,2912,30,2011,2024,13,32,2880,2.6,AS,GREEK,LATIN,,,,
WITTMAN R K,Richard Wittman,3.012869,4,2137,48,2011,2024,13,0,2137,3.9,ARTHI,,,,,,
OGBECHIE S O,Sylvester Ogbechie,3.247409,3.6,1949,40,2011,2024,13,0,1949,3.1,ARTHI,INT,LAWSO,,,,
ROBERTSON T,Teresa Robertson,2.563713,3.9,1072,31,2011,2024,13,0,1072,3.5,PHIL,,,,,,
DE SIMONE T,Tiziana De Simone,3.281192,2.6,1930,26,2011,2024,13,0,1930,4.5,ITAL,,,,,,
WALLACE V A,Vesna Wallace,3.36718,2.3,1557,28,2011,2024,13,0,1557,3.4,EACS,,,,,,
EDGAR A L,Adrienne Edgar,3.203091,2.9,2265,26,2010,2023,13,0,2265,3.3,HIST,POL,,,,,
EL ABBADI A,Amr El Abbadi,3.282359,3.3,1831,31,2010,2023,13,0,1831,4.4,CMPSC,,,,,,
GRIFFIN A R,Andrew Griffin,3.435444,3.5,3411,52,2010,2023,13,0,3411,5.1,ENGL,EEMB,,,,,
TIFFNEY B H,Bruce Tiffney,3.046524,3.1,1539,35,2010,2023,13,243,1296,4.6,ART,,,,,,
WAID C J,Candace Waid,3.377372,3,3120,73,2010,2023,13,0,3120,3.1,ENGL,,,,,,
PRESS C M,Carol Press,3.231201,2,19070,184,2010,2023,13,0,19070,3.8,DANCE,,,,,,
FELANDO C L,Cynthia Felando,2.576666,3.8,4127,89,2010,2023,13,0,4127,3.1,FAMST,,,,,,
KAPLAN C S,Cynthia Kaplan,2.955613,4.1,1345,25,2010,2023,13,0,1345,2.8,POL,,,,,,
LONG D D,Darren Long,2.563555,4,1778,85,2010,2023,13,36,1742,4.3,MATH,GREEK,,,,,
AGRAWAL D,Divyakant Agrawal,3.276295,3.5,1814,38,2010,2023,13,1,1813,3.1,CMPSC,INT,,,,,
JULLIEN D M,Dominique Jullien,3.076602,2.9,2013,22,2010,2023,13,0,2013,3,C,,,,,,
SMITH E R,Eric Smith,3.243794,3,3537,68,2010,2023,13,0,3537,4.1,ENV,C,INT,RG,,,
GIBOU F G,Frederic Gibou,3.629215,2.6,2064,22,2010,2023,13,112,1952,4,CMPSC,,,,,,
SCHULTZ J M,Jean Schultz,3.204415,3,2378,21,2010,2023,13,0,2378,3.6,FR,,,,,,
STOPPLE J,Jeffrey Stopple,3.395508,5,4074,80,2010,2023,13,1822,2252,4.3,INT,INT,,,,,
FORAN J F,John Foran,3.822767,2.5,4300,45,2010,2023,13,231,4069,5,ENV,ESM,POL,,,,
GREATHOUSE J,John Greathouse,3.500442,3,10414,134,2010,2023,13,7358,3056,4.9,ENGR,INT,ITAL,,,,
HSU S J,John Hsu,3.230162,3.4,2785,43,2010,2023,13,95,2690,3.6,PSTAT,INT,,,,,
PATTERSON K A,Kathy Patterson,3.157699,2.7,2156,23,2010,2023,13,52,2104,4,INT,,,,,,
ANDERSON KE B,Kevin Anderson,3.216874,2.9,2649,21,2010,2023,13,0,2649,3.6,SOC,,,,,,
OAKS L M,Laury Oaks,3.307494,3.1,1935,40,2010,2023,13,41,1894,4.4,FEMST,,,,,,
MOOSBRUGGER L,Lorelei Moosbrugger,3.12875,3.4,1760,42,2010,2023,13,0,1760,4.5,ENV,PSY,,,,,
BERNSTEIN M M,Mashey Bernstein,3.158123,3.9,1151,58,2010,2023,13,0,1151,3.8,FAMST,,,,,,
SCHNEIDER N J,Nick Schneider,3.197947,3,3897,31,2010,2023,13,0,3897,3.9,ECON,FLMST,,,,,
FUMERTON M P,Patricia Fumerton,3.151502,3,1398,30,2010,2023,13,0,1398,4,ENGL,,,,,,
ALAGONA P S,Peter Alagona,3.522765,3,6097,107,2010,2023,13,149,5948,5,ENV,THTR,,,,,
FELDMAN R,Raisa Feldman,3.319113,3,2051,29,2010,2023,13,215,1836,3.3,PSTAT,EACS,HIST,INT,JAPAN,,
HECHT R,Richard Hecht,3.144604,2.9,5365,102,2010,2023,13,12,5353,3.6,C,,,,,,
FRUHSTUCK S,Sabine Fruhstuck,3.230987,3,3779,23,2010,2023,13,29,3750,3.8,ANTH,,,,,,
YAQUB S,Salim Yaqub,3.278703,3.3,5104,61,2010,2023,13,0,5104,5,HIST,,,,,,
AWRAMIK S M,Stanley Awramik,2.789288,4,2950,50,2010,2023,13,266,2684,4,EARTH,,,,,,
RIOS V M,Victor Rios,3.576489,2,4249,93,2010,2023,13,110,4139,4.3,INT,,,,,,
TSOUNA V,Voula Tsouna,3.210281,3.1,1955,43,2010,2023,13,0,1955,3.8,PHIL,CH,CHEM,,,,
REESE B E,Ben Reese,2.56451,5,1144,33,2009,2022,13,38,1106,3,INT,EEMB,GEOL,,,,
KELLER E A,Edward Keller,3.186407,2.8,3281,63,2009,2022,13,110,3171,3.3,EARTH,,,,,,
MORALES H L,Helen Morales,3.289277,2.5,5530,64,2009,2022,13,66,5464,4.8,CLASS,,,,,,
FOLTZ K R,Kathy Foltz,3.601458,3.5,4595,46,2009,2022,13,163,4432,5,BIOL,,,,,,
KALMAN L,Laura Kalman,3.324056,2.9,7154,107,2009,2022,13,0,7154,4.6,HIST,,,,,,
SONNINO P M,Paul Sonnino,2.690669,3.5,1436,101,2009,2022,13,0,1436,2.9,HIST,RG,,,,,
VAN KOPPEN P,Petra Van Koppen,2.997028,3.4,51621,248,2009,2022,13,713,50908,4.1,CHEM,EACS,HIST,,,,
YU H-J,Yu Feng,3.457083,4.5,1193,38,2009,2022,13,0,1193,2.9,CHIN,FLMST,,,,,
NGUYEN A T,Alice Nguyen,2.970423,4,45866,70,2012,2024,12,54,45812,1.1,EEMB,C,,,,,
BIRNIR B,Bjorn Birnir,3.35755,3.1,2563,62,2012,2024,12,0,2563,2.6,MATH,,,,,,
ERNST B C,Brian Ernst,3.67296,2.3,1250,25,2012,2024,12,0,1250,5,WRIT,WRIT,,,,,
FREUND E G,Ernest Freund,3.201962,2.9,25133,200,2012,2024,12,0,25133,4.3,PHYS,,,,,,
DOUGLASS J H,Jeremy Douglass,3.353361,2.8,1934,26,2012,2024,12,0,1934,3.6,ENGL,,,,,,
FREEMAN L A,Laurie Freeman,3.410898,2.9,2505,36,2012,2024,12,0,2505,2.4,POL,,,,,,
HIRSCH S A,Sarah Hirsch,3.697264,2.6,2193,23,2012,2024,12,27,2166,5,ENGL,,,,,,
PRICE S P,Scott Price,2.553756,3.4,23525,364,2012,2024,12,43,23482,4.6,CHEM,,,,,,
MORET S L,Stephanie Moret,3.443233,2.2,4714,43,2012,2024,12,170,4544,4.4,ENV,FAMST,GLOBL,INT,W&L,,
BIBILASHVILI,Tengiz Bibilashvili,3.192719,3.3,8254,74,2012,2024,12,1316,6938,4.6,ECE,,,,,,
GARFINKLE C G,Charlene Garfinkle,3.524546,2.4,1817,25,2011,2023,12,0,1817,4,ARTHI,,,,,,
LEZRA E M,Esther Lezra,3.306347,3.3,2190,40,2011,2023,12,0,2190,2.5,GLOBL,,,,,,
AMAR P E,Paul Amar,3.374402,2.9,2465,40,2011,2023,12,0,2465,3.9,C,CH,ED,INT,LING,,
HAN SONGI,Song-I Han,3.223966,4.1,1402,29,2011,2023,12,49,1353,2.5,BMSE,RG,,,,,
MAJOR B N,Brenda Major,2.915773,3.3,3170,49,2010,2022,12,133,3037,3,PSY,PSY,,,,,
STEINKELLNER,Cheri Steinkellner,3.747503,1.6,4145,33,2010,2022,12,228,3917,4.8,FAMST,CH,FEMST,LAIS,,,
MACKIE D M,Diane MacKie,3.16575,3.9,1454,28,2010,2022,12,53,1401,3,PSY,PORT,SPAN,,,,
COOK E H,Elizabeth Cook,3.258516,3,1550,35,2010,2022,12,0,1550,4.3,C,,,,,,
CHANG G,Grace Chang,3.228337,2.8,1648,87,2010,2022,12,0,1648,3.6,FEMST,,,,,,
DIGESER P,Paige Digeser,2.780739,4,2653,68,2010,2022,12,29,2624,4,INT,,,,,,
PLANE A M,Ann Plane,2.939067,3.1,1500,39,2009,2021,12,2,1498,3.3,C,,,,,,
JACOB W B,Bill Jacob,3.149203,3.9,1443,49,2009,2021,12,360,1083,3.1,ED,,,,,,
MULLIN C R,Charles Mullin,2.860916,3.8,4759,106,2009,2021,12,137,4622,2.5,COMM,,,,,,
MCCRACKEN E,Ellen McCracken,2.738332,4.2,1547,56,2009,2021,12,385,1162,1.5,C,MCDB,,,,,
ALDANA G V,Gerardo Aldana,3.265984,3.8,1661,47,2009,2021,12,61,1600,3.1,ANTH,POL,,,,,
GRAVES G R,Gregory Graves,3.212785,2.4,13383,165,2009,2021,12,541,12842,4.3,ENV,INT,,,,,
GILES H,Howard Giles,3.389932,2.2,1480,21,2009,2021,12,1,1479,4.5,COMM,,,,,,
MIZRAHI J L,Janet Mizrahi,3.358421,3.8,2001,43,2009,2021,12,18,1983,3.7,WRIT,GREEK,INT,LATIN,,,
YOUNG K,Kay Young,3.412416,3.7,1635,27,2009,2021,12,0,1635,4.4,ENGL,ENGL,,,,,
CLARKE K,Keith Clarke,3.180719,2.6,2199,33,2009,2021,12,27,2172,3.4,GEOG,PHIL,,,,,
SIDERIS T C,Tom Sideris,2.893065,3.6,2062,33,2009,2021,12,109,1953,2.9,MATH,,,,,,
WESTMACOTT B,Briana Westmacott,3.708067,3.3,1438,28,2013,2024,11,158,1280,4.3,INT,,,,,,
HOELLE J A,Jeffrey Hoelle,3.206869,2.4,5066,72,2013,2024,11,35,5031,3.9,ANTH,MUS,,,,,
RIOUX M E,Matt Rioux,3.010129,3,2093,31,2013,2024,11,0,2093,4.5,EARTH,,,,,,
GAINER M J,Morgan Gainer,2.942848,4.1,21226,137,2013,2024,11,323,20903,3.4,CHEM,FEMST,,,,,
NARANG N,Neil Narang,3.250962,3.3,1768,50,2013,2024,11,0,1768,5,POL,,,,,,
WARWICK N L,Nicole Warwick,3.504568,2.3,2868,29,2013,2024,11,0,2868,4.9,WRIT,INT,RG,,,,
WOODS V E,Vanessa Woods,3.239763,3.6,8621,102,2013,2024,11,399,8222,3.6,INT,INT,RG,,,,
ANTONUCCI R R,Robert Antonucci,2.592295,3.2,3154,101,2012,2023,11,0,3154,2.9,ASTRO,INT,PHYS,,,,
CASE S H,Sarah Case,2.788677,3.1,1572,39,2012,2023,11,0,1572,3.5,FEMST,,,,,,
GARDNER H K,Helene Gardner,3.342679,3.3,5225,28,2011,2022,11,1252,3973,4,ENV,,,,,,
GARRATT R J,Rod Garratt,2.860505,3,3284,52,2011,2022,11,0,3284,4.4,ECON,INT,,,,,
RAPOSO E,Eduardo Raposo,3.292088,2.1,1643,24,2010,2021,11,0,1643,3,LING,,,,,,
WINANT H,Howard Winant,3.102734,2.6,4646,143,2010,2021,11,0,4646,2.5,SOC,,,,,,
MONAHAN L,Laurie Monahan,3.065977,3.3,3480,88,2010,2021,11,0,3480,3.1,ARTHI,MATH,,,,,
KRYDER E A,Leeann Kryder,3.699033,2.1,1965,28,2010,2021,11,242,1723,4.3,ENV,EEMB,INT,,,,
KUNDU M,Manny Kundu,2.746145,2.9,1660,24,2010,2021,11,0,1660,3,ANTH,ECE,INT,,,,
FRIEDKIN N E,Noah Friedkin,3.330506,2.2,1226,25,2010,2021,11,0,1226,2.9,SOC,,,,,,
ADLER-KASSNER,Peter Adler,3.816129,2.6,961,239,2010,2021,11,459,502,4.8,ED,,,,,,
EK A A,Auli Ek,3.485417,2.5,3504,44,2009,2020,11,0,3504,3.3,WRIT,,,,,,
COHEN B J,Benjamin Cohen,3.149175,3.4,2243,42,2009,2020,11,0,2243,4.4,GLOBL,,,,,,
KOC C K,Cetin Kaya Koc,3.350602,2.2,3571,26,2009,2020,11,87,3484,4.3,CMPSC,,,,,,
SHINAGAWA C,Chikako Shinagawa,3.575113,2,1547,37,2009,2020,11,0,1547,5,JAPAN,FLMST,,,,,
LOSTER D R,Donald Loster,3.06369,2.2,2520,46,2009,2020,11,207,2313,3.6,ECON,,,,,,
MIELE I,Ilene Miele,3.371611,1.9,3688,25,2009,2020,11,0,3688,4.2,WRIT,CMPSCCS,CMPTGCS,INT,,,
MILLETT K C,Ken Millett,2.707306,3.5,2272,46,2009,2020,11,0,2272,2.8,INT,EEMB,ENV,GEOL,,,
BROWNING R,Randalyn Browning,3.43848,2.8,4579,30,2009,2020,11,0,4579,4.3,WRIT,,,,,,
LIM S,Shirley Lim,3.499381,2.7,646,27,2009,2020,11,61,585,3.8,ENGL,HIST,,,,,
SHILO A,Amit Shilo,3.252976,2.9,4351,41,2014,2024,10,0,4351,3.3,CLASS,,,,,,
WALKER D S,David Walker,3.386639,3.2,1669,38,2014,2024,10,0,1669,4.4,RG,GER,INT,,,,
ABRA G J,Gordon  Abra,3.49068,3.5,6041,80,2014,2024,10,0,6041,3.9,COMM,TMP,,,,,
TASCHIAN H J,Helen Taschian,3.202591,3.6,3474,46,2014,2024,10,2,3472,4,ART,,,,,,
MARTIN J A,Jen Martin,3.326256,2.9,9133,81,2014,2024,10,147,8986,3.6,ANTH,LIT,W&L,,,,
HULME J L,Jennifer Hulme,2.652033,3.5,4476,48,2014,2024,10,48,4428,4,ECON,CMPSCW,CMPTGCS,,,,
SWENSON J S,Julie Swenson,2.814791,3.1,10628,85,2014,2024,10,163,10465,4.3,PSTAT,,,,,,
ORLANDO M D,Mark Orlando,3.447298,2.5,5218,49,2014,2024,10,0,5218,4.5,ESS,,,,,,
OPREA R D,Ryan Oprea,2.760439,4,5101,48,2014,2024,10,0,5101,5,ECON,INT,,,,,
SORKIN JENNI,Jenni Sorkin,3.455371,3,2467,41,2013,2023,10,12,2455,2.9,ART,GER,,,,,
DELGADO HELLE,Miguel Delgado Helleseter,2.645908,4.5,2627,54,2013,2023,10,0,2627,2.3,ECON,,,,,,
FREEDMAN R A,Roger Freedman,2.965885,4.2,8140,195,2011,2021,10,0,8140,2.5,PHYS,,,,,,
ETTENBERG A,Aaron Ettenberg,2.540489,3.6,2823,36,2010,2020,10,57,2766,4.6,PSY,RG,W&L,,,,
BIELBY D D,Denise Bielby,3.356899,3.4,1406,30,2010,2020,10,0,1406,2.8,SOC,PORT,SPAN,,,,
VAN DER VEEN,Jatila van der Veen,3.321297,3.8,1249,29,2010,2020,10,83,1166,1.8,ASTRO,,,,,,
RUPP L J,Leila Rupp,3.240023,2.5,1719,26,2010,2020,10,17,1702,4.1,FEMST,GREEK,INT,,,,
EGECIOGLU O,Omer Egecioglu,2.990201,3.6,1643,40,2010,2020,10,105,1538,2.6,CMPSC,INT,,,,,
CONVERSE C W,Caren Converse,3.585061,1.9,2142,36,2009,2019,10,0,2142,4.8,ED,,,,,,
LIPSITZ G R,George Lipsitz,3.221441,3.3,1749,71,2009,2019,10,0,1749,3.5,BL,,,,,,
TALAMANTEZ I,Ines Talamantez,3.471421,2,2005,58,2009,2019,10,49,1956,2.8,ENV,,,,,,
MCGEE J S,J. Sears McGee,2.717043,3.3,1285,40,2009,2019,10,9,1276,3.9,HIST,INT,,,,,
DURAN J M,Jane Duran,3.509268,2.3,669,23,2009,2019,10,0,669,3.8,BL,CLASS,GREEK,INT,LATIN,,
WALLING O W,Olivia Walling,3.12,4.3,1685,33,2009,2019,10,0,1685,2.2,ENGR,,,,,,
APPELBAUM R,Richard Appelbaum,2.870159,3,2396,56,2009,2019,10,0,2396,4.1,GLOBL,HIST,INT,,,,
FARMER S A,Sharon Farmer,3.106885,3.3,610,32,2009,2019,10,0,610,2.5,FEMST,MCDB,,,,,
MACKER E A,Teddy Macker,3.796361,2.6,632,40,2009,2019,10,480,152,4.1,LIT,GPS,POL,,,,
STRATHMAN B A, Brent Strathman,2.902888,5,5402,90,2015,2024,9,0,5402,5,POL,,,,,,
YOUNG A F,Andrea Young,2.994569,4.6,1068,37,2015,2024,9,1,1067,2.8,PHYS,,,,,,
COGGINS B L,Bridget  Coggins,2.956105,3.6,2023,50,2015,2024,9,0,2023,2.7,POL,,,,,,
MOSER C H,Claudia  Moser,3.193167,3.4,4493,55,2015,2024,9,0,4493,4,ARTHI,PSY,,,,,
BADAMO H A,Heather Badamo,3.080994,3.4,1589,34,2015,2024,9,0,1589,2.4,ARTHI,,,,,,
DELOMBARD J M,Jeannine Delombard,2.701127,4.6,1153,21,2015,2024,9,0,1153,2.4,ENGL,,,,,,
THOMASSON K M,Kelly Thomasson,3.39847,4.3,4183,80,2015,2024,9,0,4183,2.8,EEMB,ENGL,INT,LIT,W&L,WRIT,
RATNER K G,Kyle Ratner,3.337418,2.5,1991,24,2015,2024,9,11,1980,4.9,PSY,,,,,,
WILTON M B,Mike Wilton,3.266394,3.4,10013,55,2015,2024,9,2518,7495,5,INT,,,,,,
SCHLEY N B,Nathan Schley,3.286263,3.3,3152,102,2015,2024,9,247,2905,2.5,MATH,,,,,,
DUNBAR N E,Norah Dunbar,3.464499,3.1,2907,22,2015,2024,9,63,2844,4.5,COMM,,,,,,
SEIKALY S R,Sherene  Seikaly ,3.550243,3.6,1443,28,2015,2024,9,0,1443,4.4,HIST,,,,,,
ZYLSTRA S J,Stephen Zylstra,3.089025,3.1,2205,26,2015,2024,9,0,2205,4.5,PHIL,,,,,,
DEVRIES T J,Timothy Devries,3.312028,2.4,1721,33,2015,2024,9,0,1721,4.9,GEOG,,,,,,
NEWFIELD C J,Chris Newfield,3.359486,2.4,2488,40,2011,2020,9,0,2488,3.8,ENGL,INT,,,,,
BARBIERI-LOW,Anthony Barbieri-Low,2.953491,3.3,2492,44,2010,2019,9,0,2492,3.9,CHIN,CHIN,,,,,
LUBACH D W,Don Lubach,3.684572,1.7,5166,44,2010,2019,9,294,4872,4.3,ED,PSTAT,,,,,
LOMELI F A,Francisco Lomeli,2.619494,3.3,790,35,2010,2019,9,0,790,2.7,CH,,,,,,
SNYDER J R,Jon Snyder,3.050055,3.4,905,31,2010,2019,9,0,905,4.2,C,FR,INT,,,,
WACK P W,Paul Wack,3.374919,2.2,2472,26,2010,2019,9,15,2457,4.3,ENV,,,,,,
BRUICE P Y,Paula Bruice,2.455664,3.9,11282,221,2010,2019,9,0,11282,2.9,CHEM,,,,,,
GEE Q P,Quentin Gee,3.063365,2.4,4695,24,2010,2019,9,418,4277,4.3,ENV,,,,,,
VAN DAM W,Wim Van Dam,2.894304,4,1071,44,2010,2019,9,33,1038,2.7,CMPSC,,,,,,
CLEVELAND D A,David Cleveland,3.201348,3.8,1335,22,2009,2018,9,94,1241,3.4,ANTH,,,,,,
GUNN G B,Giles Gunn,3.31875,3.1,2336,81,2009,2018,9,0,2336,2.9,ENGL,,,,,,
MOHR J,John Mohr,3.470338,1.5,1507,35,2009,2018,9,49,1458,3.9,CMPSC,,,,,,
MAASS L E,Lisa Maass,2.901581,2.4,4492,61,2009,2018,9,0,4492,4.6,ECON,INT,,,,,
SCHARLEMANN M,Martin Scharlemann,2.780156,3.9,1280,85,2009,2018,9,16,1264,2.9,MATH,,,,,,
REVLIN R,Russell Revlin,2.837735,3.1,3461,203,2009,2018,9,208,3253,3.7,INT,,,,,,
LASHMET A J,Amy Lashmet,3.549002,3.1,1002,36,2016,2024,8,211,791,3.6,LING,,,,,,
SMALL A L,Amy Small,3.70481,3.8,894,21,2016,2024,8,382,512,3.8,LING,,,,,,
MEROLLA A J,Andy Merolla,3.188676,2.7,3541,53,2016,2024,8,3,3538,4.9,COMM,INT,MCDB,,,,
WAINWRIGHT B,Brian Wainwright,3.100738,3.5,5688,106,2016,2024,8,0,5688,3.1,PSTAT,,,,,,
BERNT C M,Christopher Bernt,2.955443,3.7,15057,68,2016,2024,8,16,15041,2.9,CHEM,INT,,,,,
RAYMOND E,Elena Raymond,3.442088,3.5,4961,49,2016,2024,8,0,4961,4.5,FEMST,THTR,,,,,
BLANKHOLM J L,Joseph Blankholm,3.312397,3.2,1339,45,2016,2024,8,0,1339,4.5,RG,,,,,,
GARFIELD P M,Peter Garfield,3.325235,3,9269,191,2016,2024,8,0,9269,4.1,MATH,INT,JAPAN,WRIT,,,
LEWIS R B,Robert Lewis,2.801127,3.9,10650,101,2016,2024,8,0,10650,4.5,CHEM,WRIT,,,,,
ZHANG YITANG,Yitang Zhang,3.415807,2.6,1474,26,2016,2024,8,2,1472,4.5,MATH,SOC,,,,,
MATNI Z A,Ziad Matni,3.181337,3,6789,106,2016,2024,8,23,6766,4,CMPSC,WRIT,,,,,
BROWN M,Michelle Brown,2.96709,4.5,1024,26,2015,2023,8,11,1013,2.5,ANTH,ARTST,,,,,
KURIN D S,Danielle Kurin,3.572892,3.1,937,32,2013,2021,8,0,937,4.6,ANTH,,,,,,
CIMINO A N,Aldo Cimino,2.811864,2.3,1416,25,2011,2019,8,0,1416,4.8,ANTH,,,,,,
GWINN E G,Elizabeth Gwinn,2.745877,4.3,2862,43,2011,2019,8,5,2857,2.1,ECE,RG,,,,,
WOOLLEY J T,John Woolley,2.871927,3.3,1749,36,2011,2019,8,0,1749,2.8,POL,INT,,,,,
WHITTLE M D,Matt Whittle,2.946292,2.1,2953,32,2010,2018,8,0,2953,4.7,ANTH,CMPTGCS,,,,,
COSTANZO C,Mike Costanzo,3.270821,2.5,4068,79,2010,2018,8,0,4068,3.7,CMPSC,INT,,,,,
HOLMS A E,Ann Holms,3.890659,1.6,835,38,2009,2017,8,0,835,4,ENGR,,,,,,
JEFFERSON M E,Esperanza Jefferson,3.168528,1.9,1970,55,2009,2017,8,0,1970,4.5,PORT,,,,,,
DARIAN-SMITH,Eve Darian-Smith,3.343791,2.8,1667,31,2009,2017,8,0,1667,3.7,GLOBL,CHEM,,,,,
RALEY J D,Jason Raley,3.759535,2.4,2669,30,2009,2017,8,23,2646,4.4,ED,,,,,,
HOLLAND J,Jocelyn Holland,3.486256,2.3,1397,26,2009,2017,8,0,1397,3.6,C,PSY,,,,,
JOCHIM M A,Michael Jochim,2.872606,2.8,752,23,2009,2017,8,0,752,4.3,ANTH,ECE,,,,,
KOEGEL R L,Robert L. Koegel,3.756645,2.2,1550,25,2009,2017,8,29,1521,4.3,CNCSP,BMSE,CHEM,ENGR,MCDB,,
CLINE S L,Sarah Cline,3.068837,3.1,937,21,2009,2017,8,0,937,3.7,HIST,,,,,,
FIGUEROA T,Teresa Figueroa,3.276419,2.4,3507,43,2009,2017,8,0,3507,2.8,ANTH,,,,,,
MOKRISKI D A,David Mokriski,3.098307,4,1831,26,2017,2024,7,0,1831,4.6,PHIL,ESS,INT,,,,
MIRZA D,Diba Mirza,3.498406,3,4014,56,2017,2024,7,19,3995,4.7,CMPSC,ARTST,,,,,
KOUTROULAKIS,Georgios Koutroulakis,3.147074,3.5,6220,60,2017,2024,7,196,6024,4.3,INT,CMPTGCS,INT,,,,
PERRONE G,Giuliana Perrone,3.224804,2.6,3443,45,2017,2024,7,0,3443,4.6,HIST,HEB,RG,,,,
POPESCU P F,Paula Popescu,3.572207,2.9,24708,32,2017,2024,7,0,24708,3.8,PHYS,,,,,,
WANG R K,Richert Wang,3.209203,4.1,3010,55,2017,2024,7,263,2747,5,ART,,,,,,
FULKERSON S D,Scott Fulkerson,3.01655,4.1,4707,62,2017,2024,7,285,4422,4.4,ECON,,,,,,
MARKS T G,Trevor Marks,3.419866,4.3,1047,22,2017,2024,7,0,1047,4,ME,GREEK,INT,,,,
ARENAS VELAZQ,Victor Arenas,3.363733,2.2,659,55,2017,2024,7,0,659,4.8,SOC,,,,,,
ISUKAPALLI Y,Yogananda Isukapalli,3.516062,3.5,2011,38,2017,2024,7,0,2011,4.9,ECE,ME,,,,,
LIBERMAN Z E,Zoe Liberman,3.038428,3.5,3703,83,2016,2023,7,61,3642,4,INT,RG,,,,,
VESPA E I,Emanuel Vespa,2.788201,3.9,2551,38,2013,2020,7,0,2551,2,ECON,,,,,,
SHATSKIKH E,Katherine Shatskikh,2.66269,4,2171,53,2013,2020,7,0,2171,1.8,PSTAT,CHEM,,,,,
LUNA D A,Dan Luna,2.868364,3.1,7207,145,2012,2019,7,108,7099,4.5,EARTH,,,,,,
ALDEIS M D,Desiree Aldeis,3.247245,2.3,2976,21,2011,2018,7,32,2944,4.7,COMM,ENV,,,,,
EL-SOUSSI M,Moh El Soussi,3.371833,2.6,671,25,2011,2018,7,0,671,3.3,PHYS,,,,,,
RICE W R,William Rice,2.397421,3.8,7560,44,2011,2018,7,5,7555,3.2,EEMB,,,,,,
FURNER M O,Mary Furner,2.734626,3.3,696,32,2010,2017,7,0,696,3.1,HIST,MARSC,,,,,
MANALIS M S,Melvyn Manalis,2.831786,2.9,3231,29,2010,2017,7,0,3231,3.7,ENV,,,,,,
MCCARTY P C,Philip McCarty,3.605788,1.7,6634,47,2010,2017,7,0,6634,4.3,GLOBL,,,,,,
GROSSMAN Z J,Zack Grossman,2.715394,3.6,3209,72,2010,2017,7,0,3209,2.6,ECON,ENV,INT,,,,
FERRER A J,Al Ferrer,2.890849,3,601,27,2009,2016,7,0,601,3.9,ESS,,,,,,
YEGUL F K,Fikret Yegul,2.71786,3.1,1355,89,2009,2016,7,0,1355,2.7,ARTHI,,,,,,
SONSTELIE J,Jon Sonstelie,2.518766,3.6,8185,168,2009,2016,7,29,8156,3.4,ECON,,,,,,
JANSMA L L,Laura Jansma,3.272316,2.9,4396,60,2009,2016,7,0,4396,3.8,COMM,,,,,,
RESCORLA M A,Michael Rescorla,2.479779,3.3,816,59,2009,2016,7,0,816,3.5,PHIL,ITAL,RG,,,,
WATSON R B,Rich Watson,2.452304,3.9,4709,99,2009,2016,7,0,4709,3.2,ECON,,,,,,
DICKEY T D,Tommy Dickey,3.252437,1.6,2359,50,2009,2016,7,0,2359,4.5,GEOG,PSY,,,,,
HASEGAWA T,Tsuyoshi Hasegawa,2.731848,3,2468,60,2009,2016,7,0,2468,3.8,HIST,,,,,,
ROOF W C,Wade Roof,3.417837,2.2,869,28,2009,2016,7,0,869,3.5,RG,,,,,,
WROBEL A J,Alex Wrobel,2.979236,2.6,2933,43,2018,2024,6,14,2919,5,EARTH,,,,,,
TAZHITDINOVA,Alisa Tazhitdinova,3.028849,3.3,2364,29,2018,2024,6,0,2364,2.5,ECON,LING,,,,,
MCNAMARA J P,James McNamara,3.356645,3.6,1204,24,2018,2024,6,0,1204,5,FAMST,,,,,,
HENDERSON J G,Jarett Henderson,3.419958,3.8,1889,34,2018,2024,6,25,1864,4,HIST,ECE,,,,,
SEPUNARU L,Lior Sepunaru,3.029426,4.6,853,62,2018,2024,6,0,853,5,BMSE,INT,WRIT,,,,
STEVENSON-MIC,Mark Stevenson,3.84743,4.2,681,303,2018,2024,6,0,681,2.1,EDS,INT,LAIS,SPAN,,,
SVADLENAK N D,Nathan Svadlenak,2.765949,4.1,1671,53,2018,2024,6,77,1594,2.2,CHEM,INT,WRIT,,,,
ALBADA N A,Nicole Albada,3.457738,3.3,3625,47,2018,2024,6,72,3553,5,INT,WRIT,,,,,
TOBER T L,Tara Tober,3.438556,2.5,6108,90,2018,2024,6,73,6035,5,SOC,,,,,,
BARRETT T W,Thomas Barrett,3.494929,3.3,2268,58,2018,2024,6,4,2264,5,MATH,,,,,,
KHARITONOVA Y,Yekaterina Kate Kharitonova,3.147079,3.6,3783,159,2018,2024,6,1,3782,2.5,CMPSC,WRIT,,,,,
EILON Z C,Zachary Eilon,2.920094,3.2,1065,21,2018,2024,6,0,1065,4.6,EARTH,CMPSCCS,CMPSCW,CMPTGCS,INT,,
SLADE A M,Allison Slade,3.281392,3.4,4439,30,2017,2023,6,0,4439,3,ESS,,,,,,
JAYICH ANIA,Ania Jayich,2.750131,4.1,1143,36,2017,2023,6,2,1141,2.1,PHYS,,,,,,
KORMAN D Z,Daniel Korman,3.073042,3.3,3179,38,2017,2023,6,57,3122,4.5,INT,,,,,,
MENARD G,Gabriel Menard,2.758212,3.9,1029,26,2016,2022,6,14,1015,2.6,CHEM,,,,,,
NAVA M M,Michael Nava,2.812207,3.2,4391,70,2013,2019,6,0,4391,2.3,PSTAT,SOC,,,,,
YAQUB A M,Adil Yaqub,3.006283,2.3,1512,52,2010,2016,6,0,1512,3,MATH,,,,,,
KOHL D M,David Kohl,2.810864,2.7,718,59,2010,2016,6,0,718,4.6,MCDB,RG,,,,,
PATTEN G,Glenn Patten,2.673848,3.5,2019,21,2010,2016,6,0,2019,3,CLASS,SOC,,,,,
KAPICKA M,Marek Kapicka,2.998566,3.7,1046,31,2010,2016,6,0,1046,2.5,ECON,HIST,,,,,
NASH M B,Marguerite Nash,2.994739,3.2,2338,53,2010,2016,6,0,2338,3.2,GLOBL,,,,,,
ROBINSON C J,Cedric Robinson,3.163939,3.5,782,28,2009,2015,6,0,782,3.5,BL,,,,,,
FRANKLIN D M,Diana Franklin,2.984682,3.3,1619,46,2009,2015,6,0,1619,3,CMPSC,ESM,GEOG,PHIL,,,
JOHNSON G T,Gaye Johnson,3.240592,2.7,1892,51,2009,2015,6,0,1892,4.2,BL,,,,,,
HAMILTON J M,Jennifer Hamilton,3.069237,2.4,2503,25,2009,2015,6,338,2165,4.1,ES,INT,MCDB,,,,
COHEN P C,Patricia Cohen,2.947126,3.4,1131,21,2009,2015,6,0,1131,3.4,FEMST,MCDB,,,,,
GONZALES A L,Amy Gonzales,3.107463,3.5,2278,31,2019,2024,5,48,2230,2.6,COMM,W&L,WRIT,,,,
BOULEY B A,Brad Bouley,3.425731,2.7,2258,41,2019,2024,5,49,2209,4.7,HIST,INT,,,,,
LANE D S,Dan Lane,3.506644,3,2393,37,2019,2024,5,313,2080,5,COMM,ESM,INT,,,,
MOAK D,David Moak,3.494915,2.6,4248,86,2019,2024,5,319,3929,4,C,,,,,,
SAUR E H,Elizabeth Saur,3.632895,2.5,1140,31,2019,2024,5,0,1140,5,WRIT,,,,,,
MORSE J C,Julia Morse,3.063946,3.9,1115,22,2019,2024,5,0,1115,4.6,POL,,,,,,
FORD K C,Katerina Ford,2.877511,3.9,1374,46,2019,2024,5,0,1374,1.9,ED,,,,,,
HOBBS-MORGAN,Lindsay Hobbs,2.975095,2,1586,169,2019,2024,5,0,1586,5.1,POL,,,,,,
WEBB M T,Marie Webb,3.463467,5,646,25,2019,2024,5,77,569,2.5,LING,POL,,,,,
RAVEN M R,Morgan Raven,3.311277,3.8,1339,29,2019,2024,5,0,1339,3.1,EARTH,INT,,,,,
SCUDDER S L,Samantha Scudder,3.458457,3,2359,43,2019,2024,5,15,2344,5,PSY,INT,,,,,
MCCLURE S B,Sarah McClure,3.411266,3,1509,21,2019,2024,5,0,1509,5,ANTH,,,,,,
BENZARTI Y C,Youssef Benzarti,3.257229,3.3,2483,31,2019,2024,5,0,2483,5,ECON,ED,,,,,
WHITEHEAD K A,Kevin Whitehead,3.507446,3.5,1061,28,2018,2023,5,23,1038,4.9,INT,THTR,,,,,
DOGIC Z,Zvonimir Dogic,3.182292,3.9,3394,49,2018,2023,5,0,3394,3.1,BMSE,,,,,,
AMIHAY O,Monica Orozco,3.639803,3.5,711,32,2016,2021,5,0,711,2.5,C,,,,,,
STEPHENS C C,Christopher Cody Stephens,3.178195,3.6,1064,34,2014,2019,5,0,1064,2.8,HIST,INT,,,,,
GARRISON E K,Ednie Garrison,3.496933,2.3,1467,35,2013,2018,5,0,1467,4,FEMST,ARTST,INT,,,,
PANAGIOTOU E,Eleni Panagiotou,3.260548,3.3,2446,52,2013,2018,5,0,2446,2.4,MATH,WRIT,,,,,
THOMAS S F,Sabina Thomas,2.794555,2.4,2663,40,2012,2017,5,0,2663,4.1,EARTH,INT,,,,,
BUONI M J,Matthew Buoni,3.146789,2.7,2024,38,2011,2016,5,0,2024,4.5,CMPSC,ENV,SOC,,,,
MADISON O F,Alice O'Connor,2.894356,3.8,1630,52,2010,2015,5,0,1630,4.5,BL,,,,,,
VALLIS G L,Gina Vallis,3.498235,2.1,963,35,2010,2015,5,0,963,4.6,WRIT,FR,ITAL,,,,
YOSSO T J,Tara Yosso,3.076346,3,1801,25,2010,2015,5,0,1801,2,CH,,,,,,
HUGHES T,Thomas Hughes,2.834649,3.2,2205,34,2010,2015,5,0,2205,4.7,POL,INT,PHYS,,,,
BUSBY C,Cathy Busby,3.090382,2.4,1258,30,2009,2014,5,77,1181,3.6,EARTH,ENGL,FAMST,FLMST,INT,,
SANTORI G C,Gregg Santori,3.208435,3.2,1150,32,2009,2014,5,0,1150,2.7,POL,PHIL,,,,,
SANDER H C,Henry Sander,2.862769,4,2557,100,2009,2014,5,349,2208,3.6,ECON,,,,,,
ROMEO J A,Jim Romeo,2.947686,2.7,1923,22,2009,2014,5,0,1923,4.4,ESS,ESS,,,,,
POWELL R C,Rich Powell,3.196144,2.1,2671,36,2009,2014,5,306,2365,4.5,ES,LAIS,,,,,
TUTINO S,Stefania Tutino,2.872511,3.2,1346,43,2009,2014,5,0,1346,4.5,HIST,INT,,,,,
SYLVESTER B M,Bryanna Sylvester,2.501353,3.4,7984,336,2020,2024,4,30,7954,3.6,CHEM,ESM,,,,,
NALL C M,Clayton Nall,3.121267,3.8,1105,33,2020,2024,4,0,1105,3.1,INT,,,,,,
BURK K T,Kevin Burk,3.363453,5,695,63,2020,2024,4,0,695,3.5,CMPSC,INT,SOC,,,,
SINGH SATYAJ,Satyajit Singh,3.264536,3.5,1142,23,2020,2024,4,0,1142,4.4,GLOBL,,,,,,
CASTELLA-CABE,Francesc Castella,3.6585,2.3,1000,24,2019,2023,4,13,987,4.9,MATH,,,,,,
IHM E D,Elliott Ihm,3.153749,3,2374,69,2018,2022,4,0,2374,4.5,INT,ESM,,,,,
MARSHALL K,Kathy Marshall,3.165292,3.6,3129,47,2018,2022,4,0,3129,2.6,ECON,INT,,,,,
CHAI L,Lihui Chai,2.731227,3.9,1361,25,2014,2018,4,0,1361,2.2,MATH,SOC,,,,,
CHAPMAN K L,Kyle Chapman,2.668927,3.7,1519,47,2012,2016,4,0,1519,2.2,MATH,WRIT,,,,,
STOODY R L,Rick Stoody,2.964986,2.4,1448,22,2012,2016,4,0,1448,4.8,PHIL,,,,,,
RAWLINGS C M,Craig Rawlings,3.075687,2.3,2875,33,2011,2015,4,0,2875,4.9,SOC,,,,,,
ANAGNOSON J T,Ted Anagnoson,2.872374,2.4,2161,22,2011,2015,4,0,2161,4.3,POL,HIST,,,,,
WADE E R,Evelyn Wade,3.77482,1.6,1251,54,2010,2014,4,0,1251,5,GER,,,,,,
JOINER M B,Mike Joiner,3.112331,1.8,1038,23,2010,2014,4,0,1038,4.8,MUS,,,,,,
DEACON R T,Robert Deacon,3.149705,2.7,678,36,2010,2014,4,0,678,3.5,ECON,ENV,HIST,,,,
GILBERT A R,Art Gilbert,2.598006,3.2,6370,97,2009,2013,4,44,6326,3.9,ES,PSTATW,,,,,
LEMENAGER S S,Stephanie Lemenager,3.402046,2.6,782,29,2009,2013,4,0,782,4.7,ENGL,,,,,,
CHO G,Gunhee Cho,3.420734,3.1,1336,56,2021,2024,3,0,1336,3.5,MATH,,,,,,
YU H,Hongbo Yu,3.481362,2.9,1116,23,2021,2024,3,5,1111,3.5,PSY,,,,,,
BALKIND J M,Jonathan Balkind,3.640537,3.3,745,24,2021,2024,3,36,709,3.5,CMPSC,ENV,ESM,MARSC,,,
COBURN K M,Katie Coburn,3.635452,2.8,2753,37,2021,2024,3,0,2753,3.4,PSTAT,ENV,INT,W&L,,,
ANYIKA M,Mercy Anyika,2.557734,4.1,3407,68,2021,2024,3,0,3407,3.3,CHEM,,,,,,
MOUTI S,Saad Mouti,2.730051,4.5,1188,70,2021,2024,3,30,1158,2.8,PSTAT,,,,,,
KUMAR S L,Sanjay Kumar,3.499515,2.4,1237,32,2021,2024,3,0,1237,4.7,MATH,,,,,,
SOLIS S W,Sharon Solis,3.30691,3.4,1563,23,2021,2024,3,0,1563,3,CMPSC,,,,,,
TIAN W,Wenchuan Tian,3.274157,3,1246,34,2021,2024,3,0,1246,4,MATH,,,,,,
ZHU ZIMU,Zimu Zhu,3.510191,3.9,942,22,2021,2024,3,0,942,3.6,PSTAT,WRIT,,,,,
DOMINGUEZ-WHI,Alvio Dominguez,3.953824,2.5,693,167,2020,2023,3,693,0,4.6,INT,,,,,,
TARIKERE ASHO,Ashwin Tarikere,2.875519,4,915,43,2020,2023,3,0,915,3.3,MATH,,,,,,
LIM G,Geunho Lim,2.62332,4.3,982,24,2020,2023,3,0,982,2.3,MATH,ESM,,,,,
KRISTIANSEN K,Kai Kristiansen,3.320572,3.5,1609,25,2019,2022,3,334,1275,3.5,PHYS,,,,,,
PAN J,Jiayin Pan,3.037413,3.4,1438,42,2018,2021,3,0,1438,3.6,MATH,FLMST,INT,LIT,,,
KRUVAND M,Marjorie Kruvand,3.452326,3.6,602,21,2018,2021,3,0,602,2.3,WRIT,W&L,WRIT,,,,
SHAKERIAN S,Shaya Shakerian,3.303003,2.6,1465,30,2018,2021,3,0,1465,4.4,MATH,BIOL,EEMB,ENV,ESM,INT,MCDB
AVETISYAN Z,Zhirayr Avetisyan,2.562866,4.3,921,37,2018,2021,3,0,921,2,MATH,,,,,,
ACOSTA-ALVEAR,Diego Acosta-Alvear,2.820494,4.2,1093,48,2017,2020,3,1,1092,2.6,MCDB,RUSS,SLAV,,,,
EBRAHIM E,Ebrahim Ebrahim,3.086231,3.2,1823,57,2017,2020,3,0,1823,3.7,MATH,INT,SPAN,THTR,,,
MYUNG JIYOUN,Myung Jiyoun,2.591029,4,1360,41,2017,2020,3,0,1360,2.8,PSTAT,,,,,,
PFAFF C E,Catherine Pfaff,2.825511,3.9,1027,39,2015,2018,3,0,1027,3.8,MATH,,,,,,
TENER J E,James Tener,3.049578,2.7,1186,29,2015,2018,3,0,1186,4.4,MATH,,,,,,
CORPUZ R,Randy Corpuz,3.598402,2.7,876,39,2013,2016,3,0,876,4.6,PSY,FR,GLOBL,HIST,INT,ITAL,
CHEN TIANCONG,Tiancong Chen,2.915424,2.6,1167,26,2013,2016,3,0,1167,3.8,MATH,INT,,,,,
CHAVEZ E A,Esteban Chavez,3.063049,3.7,1253,22,2012,2015,3,231,1022,3.5,PSTAT,ENGL,INT,W&L,,,
HELMS J A,John Helms,2.630389,3.4,1234,31,2012,2015,3,0,1234,3.8,MATH,INT,SOC,,,,
SCHETTLER J C,Jordan Schettler,3.29134,1.9,843,21,2012,2015,3,0,843,4.9,MATH,INT,,,,,
LEVAILLANT C,Claire Levaillant,3.902693,2.3,854,27,2011,2014,3,0,854,2.7,MATH,,,,,,
MANN G S,Gurinder Singh Mann,3.381068,1.8,1891,38,2011,2014,3,0,1891,4.4,GLOBL,,,,,,
RUSSAK J A,Justin Russak,2.775389,3.3,5725,76,2010,2013,3,0,5725,3,CHEM,,,,,,
TINGLE W N,Nick Tingle,3.34314,2,605,26,2010,2013,3,0,605,4.5,WRIT,EACS,HIST,INT,,,
BABCOCK P S,Philip Babcock,2.527476,3.5,2777,41,2009,2012,3,0,2777,4.1,ECON,,,,,,
MAYS K C,Kasie Mays,3.413433,3.1,603,25,2020,2022,2,0,603,2.7,PSY,POL,,,,,
CHEN E,Eric Chen,3.257101,3.5,1028,27,2019,2021,2,0,1028,3.9,MATH,MUS,,,,,
CHEN H,Huachen Chen,3.522422,2.9,999,25,2019,2021,2,0,999,3.8,MATH,INT,WRIT,,,,
LOPEZ C,Christopher Lopez,3.080728,3.7,742,24,2018,2020,2,0,742,2.5,MATH,,,,,,
THAYER B S,Barbara Thayer,2.628951,4,753,24,2017,2019,2,0,753,3.3,PSY,,,,,,
KELZ J M,Justin Kelz,3.14482,3.6,2577,56,2017,2019,2,0,2577,3.3,MATH,,,,,,
HERRERA ORTIZ,Christian Herrera,2.536126,3.7,2256,42,2016,2018,2,0,2256,1.9,PSY,MUS,WRIT,,,,
HASSEMER K S,Kendall Hassemer,3.400517,2.3,2904,24,2014,2016,2,0,2904,3.8,ESS,HIST,INT,,,,
HERNDON W W,Wade Herndon,3.057757,2.4,1721,34,2014,2016,2,0,1721,4.3,PSTAT,FR,GER,,,,
CHRONOPOULOU,Alexandra Chronopoulou,2.727387,3.4,1110,32,2011,2013,2,0,1110,2.8,PSTAT,,,,,,
FOLSOM D P,Doug Folsom,3.537567,2.6,748,26,2010,2012,2,179,569,4.7,PHYS,ENGL,INT,,,,
DUTRA F A,Frank Dutra,3.144283,2.1,1102,24,2010,2012,2,0,1102,3.9,HIST,,,,,,
REYES C A,Corinna Reyes,3.118371,2.5,1154,41,2009,2011,2,0,1154,3.8,LAIS,GREEK,INT,LATIN,,,
DALE J E,Judith Dale,3.172145,1.9,1217,27,2009,2011,2,0,1217,4,ESS,CLASS,ENGL,FR,MCDB,,
BECKER M,Marc Becker,3.012092,3.8,918,42,2022,2023,1,0,918,3,MATH,MUS,,,,,
BARRAGE L,Lint Barrage,2.901053,4.5,1140,76,2021,2022,1,0,1140,2.1,ECON,,,,,,
MACGILLIVRAY,Maureen MacGillivray,3.614035,2.7,798,108,2019,2020,1,0,798,3.8,FEMST,,,,,,
CORSINI E P,Eric Corsini,2.926437,4.7,1305,46,2013,2014,1,0,1305,1.4,PHYS,PHIL,,,,,
ATHANASSAKIS,Apostolos Athanassakis,3.197566,1.6,1027,71,2010,2011,1,0,1027,4.4,CLASS,MATH,,,,,
HOOKER T M,Thomas Hooker,2.670487,2.7,1623,188,2009,2010,1,0,1623,1.9,CHEM,,,,,,
FREUDENBURG W,William Freudenburg,3.105144,2.5,836,88,2009,2010,1,0,836,4.2,ENV,,,,,,
